MailUtente;PswUtente
admin@admin;ac9689e2272427085e35b9d3e3e8bed88cb3434828b43b86fc0596cad4c6e270
elon.musk@gmail.com;f6d27fe2c27e0af7d35889b5e450556ab871336adc8573b140d3b81ed840f0c0
bill.gates@gmail.com;f6d27fe2c27e0af7d35889b5e450556ab871336adc8573b140d3b81ed840f0c0
mark.zuckerberg@gmail.com;f6d27fe2c27e0af7d35889b5e450556ab871336adc8573b140d3b81ed840f0c0
matt.hicks@gmail.com;f6d27fe2c27e0af7d35889b5e450556ab871336adc8573b140d3b81ed840f0c0
ronald.wayne@gmail.com;f6d27fe2c27e0af7d35889b5e450556ab871336adc8573b140d3b81ed840f0c0
larry.page@gmail.com;f6d27fe2c27e0af7d35889b5e450556ab871336adc8573b140d3b81ed840f0c0
byung.lee@gmail.com;f6d27fe2c27e0af7d35889b5e450556ab871336adc8573b140d3b81ed840f0c0
lei.jun@gmail.com;f6d27fe2c27e0af7d35889b5e450556ab871336adc8573b140d3b81ed840f0c0
jeff.bezos@gmail.com;f6d27fe2c27e0af7d35889b5e450556ab871336adc8573b140d3b81ed840f0c0
gordon.moore@gmail.com;f6d27fe2c27e0af7d35889b5e450556ab871336adc8573b140d3b81ed840f0c0
user1@gmail.com;831c237928e6212bedaa4451a514ace3174562f6761f6a157a2fe5082b36e2fb
user2@gmail.com;831c237928e6212bedaa4451a514ace3174562f6761f6a157a2fe5082b36e2fb
user3@gmail.com;831c237928e6212bedaa4451a514ace3174562f6761f6a157a2fe5082b36e2fb
user4@gmail.com;831c237928e6212bedaa4451a514ace3174562f6761f6a157a2fe5082b36e2fb
user5@gmail.com;831c237928e6212bedaa4451a514ace3174562f6761f6a157a2fe5082b36e2fb
prova.prova@gmail.com;220be2608460b9ac29e2c7109d0233c1b9b7302b2e627fe64c08f3378f8dce3b
prova2.prova2@gmail.com;220be2608460b9ac29e2c7109d0233c1b9b7302b2e627fe64c08f3378f8dce3b
prova3.prova3@gmail.com;220be2608460b9ac29e2c7109d0233c1b9b7302b2e627fe64c08f3378f8dce3b